COMMON NAME,SCIENTIFIC NAME,OBSERVATION COUNT,COUNTRY,COUNTRY_CODE,STATE_PROVINCE,SUBNATIONAL1_CODE,COUNTY,SUBNATIONAL2_CODE,BCR CODE,LOCALITY ID,LOCALITY TYPE,LATITUDE,LONGITUDE,OBSERVATION DATE,TIME OBSERVATIONS STARTED,OBSERVER ID,SAMPLING EVENT IDENTIFIER,DURATION MINUTES,EFFORT DISTANCE KM,EFFORT AREA HA,NUMBER OBSERVERS,ALL SPECIES REPORTED
Black Swift,Cypseloides niger,25,United States,US,Washington,US-WA,King,US-WA-033,5,L351484,H,47.662576,-122.12052,5/21/09,5:30:00,obsr22459,S5727770,300,,161.8743,21,1
Black Swift,Cypseloides niger,25,United States,US,Washington,US-WA,King,US-WA-033,5,L351484,H,47.662576,-122.12052,5/21/09,5:50:00,obsr171915,S7723906,310,,129.4994,10,1
Black Swift,Cypseloides niger,8,United States,US,Washington,US-WA,King,US-WA-033,5,L351484,H,47.662576,-122.12052,5/21/09,4:30:00,obsr124466,S5003726,330,4.828,,19,1
Black Swift,Cypseloides niger,6,United States,US,Washington,US-WA,King,US-WA-033,9,L735640,H,47.4253,-121.431284,6/11/09,17:20:00,obsr167641,S5078112,30,,,1,0
Black Swift,Cypseloides niger,1,United States,US,Washington,US-WA,King,US-WA-033,5,L351484,H,47.662576,-122.12052,6/11/09,5:30:00,obsr22459,S5727773,300,,161.8743,12,1
Black Swift,Cypseloides niger,3,United States,US,Washington,US-WA,King,US-WA-033,5,L351484,H,47.662576,-122.12052,7/9/09,5:30:00,obsr22459,S5727777,300,,161.8743,8,1
Black Swift,Cypseloides niger,3,United States,US,Washington,US-WA,King,US-WA-033,5,L351484,H,47.662576,-122.12052,7/9/09,4:30:00,obsr124466,S5155909,315,3.219,,8,1
Black Swift,Cypseloides niger,12,United States,US,Washington,US-WA,King,US-WA-033,5,L760954,H,47.6121811,-121.986866,7/7/09,7:05:00,obsr196219,S5534017,280,3.782,,5,1
Black Swift,Cypseloides niger,1,United States,US,Washington,US-WA,King,US-WA-033,5,L756920,P,47.1411904,-121.460638,7/17/09,8:00:00,obsr146271,S5175667,540,16.093,,12,1
Black Swift,Cypseloides niger,12,United States,US,Washington,US-WA,King,US-WA-033,5,L760954,H,47.6121811,-121.986866,7/7/09,7:05:00,obsr13850,S5198445,280,3.782,,5,1
Black Swift,Cypseloides niger,6,United States,US,Washington,US-WA,King,US-WA-033,9,L774961,P,47.7319345,-121.1297607,8/21/09,8:00:00,obsr128178,S5297007,15,,,3,1
Black Swift,Cypseloides niger,1,United States,US,Washington,US-WA,King,US-WA-033,9,L869418,H,47.7272726,-121.145618,8/16/09,9:30:00,obsr209531,S6115958,420,8.047,,9,1
Black Swift,Cypseloides niger,1,United States,US,Washington,US-WA,King,US-WA-033,9,L869418,H,47.7272726,-121.145618,8/16/09,9:30:00,obsr204514,S10683113,420,8.047,,9,1
Black Swift,Cypseloides niger,1,United States,US,Washington,US-WA,King,US-WA-033,9,L1588098,P,47.3908071,-121.5261045,8/8/09,,obsr97255,S25333873,,,,2,1
Black Swift,Cypseloides niger,8,United States,US,Washington,US-WA,King,US-WA-033,5,L162766,H,47.65424,-122.29137,5/29/10,16:00:00,obsr169860,S6476231,90,1.609,,2,1
Black Swift,Cypseloides niger,20,United States,US,Washington,US-WA,King,US-WA-033,5,L351484,H,47.662576,-122.12052,5/27/10,6:15:00,obsr107483,S6469380,240,4.828,,1,1
Black Swift,Cypseloides niger,14,United States,US,Washington,US-WA,King,US-WA-033,5,L351484,H,47.662576,-122.12052,5/28/10,14:50:00,obsr205538,S6472694,60,1.609,,1,1
Black Swift,Cypseloides niger,14,United States,US,Washington,US-WA,King,US-WA-033,5,L351484,H,47.662576,-122.12052,5/27/10,5:30:00,obsr146271,S6470299,240,,72.8434,14,1
Black Swift,Cypseloides niger,1,United States,US,Washington,US-WA,King,US-WA-033,5,L162766,H,47.65424,-122.29137,5/21/10,13:00:00,obsr287392,S13961030,,,,1,0
Black Swift,Cypseloides niger,25,United States,US,Washington,US-WA,King,US-WA-033,5,L351484,H,47.662576,-122.12052,5/27/10,5:30:00,obsr22459,S15951232,360,,161.8743,20,1
Black Swift,Cypseloides niger,16,United States,US,Washington,US-WA,King,US-WA-033,5,L351484,H,47.662576,-122.12052,5/20/10,5:00:00,obsr22459,S15951233,330,,161.8743,14,1
Black Swift,Cypseloides niger,16,United States,US,Washington,US-WA,King,US-WA-033,5,L351484,H,47.662576,-122.12052,5/20/10,4:30:00,obsr124466,S6440115,360,4.828,,14,1
Black Swift,Cypseloides niger,12,United States,US,Washington,US-WA,King,US-WA-033,5,L351484,H,47.662576,-122.12052,5/20/10,5:30:00,obsr146271,S6440013,300,,72.8434,12,1
Black Swift,Cypseloides niger,7,United States,US,Washington,US-WA,King,US-WA-033,5,L351484,H,47.662576,-122.12052,6/3/10,4:00:00,obsr124466,S6493797,345,4.828,,14,1
Black Swift,Cypseloides niger,1,United States,US,Washington,US-WA,King,US-WA-033,5,L302242,P,47.658543,-122.1317053,6/19/10,9:30:00,obsr97255,S6617786,150,,,1,1
Black Swift,Cypseloides niger,2,United States,US,Washington,US-WA,King,US-WA-033,,L128530,H,47.663868,-122.4215317,6/3/10,12:15:00,obsr161775,S6506784,60,1.609,,,1
Black Swift,Cypseloides niger,3,United States,US,Washington,US-WA,King,US-WA-033,5,L351484,H,47.662576,-122.12052,6/3/10,5:30:00,obsr97255,S6495925,120,,20.2343,13,1
Black Swift,Cypseloides niger,20,United States,US,Washington,US-WA,King,US-WA-033,5,L351484,H,47.662576,-122.12052,6/10/10,6:00:00,obsr171915,S7526780,240,,113.312,16,1
Black Swift,Cypseloides niger,35,United States,US,Washington,US-WA,King,US-WA-033,5,L351484,H,47.662576,-122.12052,6/3/10,5:30:00,obsr22459,S15951231,360,,161.8743,16,1
Black Swift,Cypseloides niger,X,United States,US,Washington,US-WA,King,US-WA-033,5,L351484,H,47.662576,-122.12052,6/20/10,,obsr22459,S15951226,,,,1,1
Black Swift,Cypseloides niger,25,United States,US,Washington,US-WA,King,US-WA-033,5,L351484,H,47.662576,-122.12052,6/17/10,5:00:00,obsr22459,S15951228,360,,161.8743,7,1
Black Swift,Cypseloides niger,15,United States,US,Washington,US-WA,King,US-WA-033,5,L351484,H,47.662576,-122.12052,6/10/10,5:00:00,obsr22459,S15951230,330,,161.8743,14,1
Black Swift,Cypseloides niger,2,United States,US,Washington,US-WA,King,US-WA-033,5,L162766,H,47.65424,-122.29137,6/10/10,8:50:00,obsr175075,S6525725,110,,29.9467,1,1
Black Swift,Cypseloides niger,12,United States,US,Washington,US-WA,King,US-WA-033,5,L351484,H,47.662576,-122.12052,6/10/10,5:30:00,obsr124466,S6525311,210,4.828,,12,1
Black Swift,Cypseloides niger,20,United States,US,Washington,US-WA,King,US-WA-033,5,L351484,H,47.662576,-122.12052,6/17/10,7:30:00,obsr205538,S6550906,180,3.219,,8,1
Black Swift,Cypseloides niger,2,United States,US,Washington,US-WA,King,US-WA-033,5,L162766,H,47.65424,-122.29137,6/19/10,7:45:00,obsr169860,S6558592,90,1.609,,1,1
Black Swift,Cypseloides niger,5,United States,US,Washington,US-WA,King,US-WA-033,5,L264655,H,47.42175,-122.25821,6/16/10,16:00:00,obsr210144,S6549201,20,,,,1
Black Swift,Cypseloides niger,8,United States,US,Washington,US-WA,King,US-WA-033,5,L351484,H,47.662576,-122.12052,6/17/10,5:30:00,obsr146271,S6552083,300,,72.8434,8,1
Black Swift,Cypseloides niger,X,United States,US,Washington,US-WA,King,US-WA-033,5,L321279,H,47.6545148,-122.1077304,6/17/10,5:30:00,obsr195629,S6551297,330,,161.8743,8,1
Black Swift,Cypseloides niger,10,United States,US,Washington,US-WA,King,US-WA-033,5,L321969,H,47.5597558,-122.0549817,6/16/10,8:00:00,obsr195629,S6560606,240,,129.4994,5,1
Black Swift,Cypseloides niger,10,United States,US,Washington,US-WA,King,US-WA-033,5,L321969,H,47.5597558,-122.0549817,6/16/10,8:00:00,obsr223235,S6564678,240,,129.4994,5,1
Black Swift,Cypseloides niger,10,United States,US,Washington,US-WA,King,US-WA-033,5,L321969,H,47.5597558,-122.0549817,6/16/10,8:00:00,obsr196219,S6576136,240,,129.4994,5,1
Black Swift,Cypseloides niger,2,United States,US,Washington,US-WA,King,US-WA-033,5,L257950,H,47.3284365,-122.2431564,6/22/10,8:45:00,obsr184835,S6567067,15,,4.0469,1,1
Black Swift,Cypseloides niger,1,United States,US,Washington,US-WA,King,US-WA-033,5,L351484,H,47.662576,-122.12052,6/20/10,8:20:00,obsr97255,S6564783,85,0.805,4.0469,2,1
Black Swift,Cypseloides niger,X,United States,US,Washington,US-WA,King,US-WA-033,5,L2439644,P,47.66258,-122.12052,6/20/10,6:30:00,obsr30851,S20420668,270,6.437,,1,1
Black Swift,Cypseloides niger,1,United States,US,Washington,US-WA,King,US-WA-033,5,L352323,H,47.599951,-122.134904,6/27/10,,obsr196219,S6599287,,,,1,1
Black Swift,Cypseloides niger,25,United States,US,Washington,US-WA,King,US-WA-033,5,L352323,H,47.599951,-122.134904,6/17/10,,obsr196219,S6599283,,,,1,1
Black Swift,Cypseloides niger,3,United States,US,Washington,US-WA,King,US-WA-033,5,L352323,H,47.599951,-122.134904,6/8/10,,obsr196219,S6599280,,,,1,1
Black Swift,Cypseloides niger,1,United States,US,Washington,US-WA,King,US-WA-033,5,L552015,H,47.5089687,-121.8415546,7/18/10,7:00:00,obsr124466,S6651850,420,8.047,,8,1
Black Swift,Cypseloides niger,X,United States,US,Washington,US-WA,King,US-WA-033,9,L2300411,P,47.72803,-121.3379002,8/7/10,,obsr6441,S14820938,,,,2,0
Black Swift,Cypseloides niger,1,United States,US,Washington,US-WA,King,US-WA-033,5,L351484,H,47.662576,-122.12052,8/12/10,5:30:00,obsr22459,S17204183,300,,161.8743,6,1
Black Swift,Cypseloides niger,6,United States,US,Washington,US-WA,King,US-WA-033,5,L162766,H,47.65424,-122.29137,9/12/10,8:30:00,obsr208083,S6869753,210,2.414,,1,1
Black Swift,Cypseloides niger,1,United States,US,Washington,US-WA,King,US-WA-033,5,L351484,H,47.662576,-122.12052,9/30/10,6:20:00,obsr22459,S17204382,400,,161.8743,12,1
Black Swift,Cypseloides niger,2,United States,US,Washington,US-WA,King,US-WA-033,5,L269461,H,47.6815336,-122.2505453,5/31/11,7:45:00,obsr107483,S8343577,195,2.414,,1,1
Black Swift,Cypseloides niger,25,United States,US,Washington,US-WA,King,US-WA-033,5,L351484,H,47.662576,-122.12052,6/16/11,5:30:00,obsr146271,S8416579,300,,72.8434,8,1
Black Swift,Cypseloides niger,3,United States,US,Washington,US-WA,King,US-WA-033,5,L351484,H,47.662576,-122.12052,6/16/11,5:35:00,obsr97255,S8415182,140,3.219,,10,1
Black Swift,Cypseloides niger,12,United States,US,Washington,US-WA,King,US-WA-033,5,L351484,H,47.662576,-122.12052,6/23/11,4:30:00,obsr22459,S17207585,330,,161.8743,10,1
Black Swift,Cypseloides niger,2,United States,US,Washington,US-WA,King,US-WA-033,5,L351484,H,47.662576,-122.12052,6/9/11,4:30:00,obsr22459,S17207590,360,,161.8743,12,1
Black Swift,Cypseloides niger,1,United States,US,Washington,US-WA,King,US-WA-033,5,L302242,P,47.658543,-122.1317053,6/22/11,9:25:00,obsr97255,S8460742,,,,2,0
Black Swift,Cypseloides niger,8,United States,US,Washington,US-WA,King,US-WA-033,5,L351484,H,47.662576,-122.12052,6/23/11,5:30:00,obsr146271,S8462317,240,,60.7028,12,1
Black Swift,Cypseloides niger,1,United States,US,Washington,US-WA,King,US-WA-033,5,L269461,H,47.6815336,-122.2505453,6/21/11,8:10:00,obsr102894,S8454634,150,3.541,,1,1
Black Swift,Cypseloides niger,X,United States,US,Washington,US-WA,King,US-WA-033,5,L162766,H,47.65424,-122.29137,6/19/11,9:00:00,obsr34175,S8465859,120,1.609,,1,1
Black Swift,Cypseloides niger,X,United States,US,Washington,US-WA,King,US-WA-033,5,L351484,H,47.662576,-122.12052,6/23/11,5:30:00,obsr223264,S8954594,240,4.828,,10,1
Black Swift,Cypseloides niger,2,United States,US,Washington,US-WA,King,US-WA-033,5,L1211436,P,47.185046,-121.9770813,6/23/11,13:00:00,obsr41063,S8468550,360,,,1,1
Black Swift,Cypseloides niger,6,United States,US,Washington,US-WA,King,US-WA-033,5,L321969,H,47.5597558,-122.0549817,6/11/11,9:05:00,obsr223754,S8458191,85,2.414,,1,1
Black Swift,Cypseloides niger,5,United States,US,Washington,US-WA,King,US-WA-033,5,L1049769,H,47.5416862,-121.8378156,6/26/11,18:00:00,obsr309747,S13206804,140,,,2,1
Black Swift,Cypseloides niger,2,United States,US,Washington,US-WA,King,US-WA-033,5,L1063188,P,47.6713697,-122.1259546,6/16/11,8:45:00,obsr171915,S8486657,45,0.322,,1,1
Black Swift,Cypseloides niger,12,United States,US,Washington,US-WA,King,US-WA-033,5,L713738,P,47.3202069,-122.3327637,6/1/11,19:00:00,obsr184835,S8348799,15,,0.4047,1,1
Black Swift,Cypseloides niger,2,United States,US,Washington,US-WA,King,US-WA-033,5,L351484,H,47.662576,-122.12052,6/9/11,6:30:00,obsr205538,S8394489,240,3.219,,14,0
Black Swift,Cypseloides niger,25,United States,US,Washington,US-WA,King,US-WA-033,5,L351484,H,47.662576,-122.12052,6/16/11,4:30:00,obsr22459,S17207588,360,,161.8743,10,1
Black Swift,Cypseloides niger,2,United States,US,Washington,US-WA,King,US-WA-033,5,L351484,H,47.662576,-122.12052,6/2/11,4:30:00,obsr22459,S17205625,360,,161.8743,8,1
Black Swift,Cypseloides niger,3,United States,US,Washington,US-WA,King,US-WA-033,5,L351484,H,47.662576,-122.12052,6/9/11,6:30:00,obsr171915,S8405610,270,,129.4994,18,1
Black Swift,Cypseloides niger,2,United States,US,Washington,US-WA,King,US-WA-033,5,L351484,H,47.662576,-122.12052,6/2/11,4:30:00,obsr50136,S17365775,360,,161.8743,8,1
Black Swift,Cypseloides niger,5,United States,US,Washington,US-WA,King,US-WA-033,5,L1049769,H,47.5416862,-121.8378156,6/26/11,18:00:00,obsr293820,S18049193,140,,,2,1
Black Swift,Cypseloides niger,4,United States,US,Washington,US-WA,King,US-WA-033,5,L321969,H,47.5597558,-122.0549817,7/22/11,8:00:00,obsr196219,S8588981,240,4.023,,9,1
Black Swift,Cypseloides niger,1,United States,US,Washington,US-WA,King,US-WA-033,5,L851387,H,47.6423765,-122.310791,7/14/11,7:00:00,obsr291158,S10693914,120,0.805,,1,0
Black Swift,Cypseloides niger,3,United States,US,Washington,US-WA,King,US-WA-033,5,L351484,H,47.662576,-122.12052,7/21/11,5:00:00,obsr22459,S17207575,330,,161.8743,10,1
Black Swift,Cypseloides niger,5,United States,US,Washington,US-WA,King,US-WA-033,5,L351484,H,47.662576,-122.12052,7/14/11,5:30:00,obsr146271,S8549704,300,,64.7497,8,1
Black Swift,Cypseloides niger,2,United States,US,Washington,US-WA,King,US-WA-033,5,L351484,H,47.662576,-122.12052,7/14/11,5:40:00,obsr97255,S8548776,120,2.414,,11,1
Black Swift,Cypseloides niger,7,United States,US,Washington,US-WA,King,US-WA-033,5,L351484,H,47.662576,-122.12052,7/14/11,5:30:00,obsr102425,S8550285,300,3.219,,12,1
Black Swift,Cypseloides niger,3,United States,US,Washington,US-WA,King,US-WA-033,5,L661307,P,47.6731902,-122.3076153,7/10/11,19:00:00,obsr175075,S8542679,,,,2,1
Black Swift,Cypseloides niger,8,United States,US,Washington,US-WA,King,US-WA-033,5,L351484,H,47.662576,-122.12052,7/14/11,4:15:00,obsr124466,S8549215,330,4.828,,11,1
Black Swift,Cypseloides niger,6,United States,US,Washington,US-WA,King,US-WA-033,5,L351484,H,47.662576,-122.12052,7/14/11,4:45:00,obsr22459,S17207576,350,,161.8743,10,1
Black Swift,Cypseloides niger,4,United States,US,Washington,US-WA,King,US-WA-033,5,L321969,H,47.5597558,-122.0549817,7/22/11,8:00:00,obsr195629,S8578412,240,4.023,,9,1
Black Swift,Cypseloides niger,6,United States,US,Washington,US-WA,King,US-WA-033,5,L351484,H,47.662576,-122.12052,7/21/11,5:30:00,obsr146271,S8577213,210,,40.4686,8,1
Black Swift,Cypseloides niger,2,United States,US,Washington,US-WA,King,US-WA-033,5,L784239,P,47.6772249,-122.2559077,8/13/11,15:30:00,obsr169860,S8670012,60,0.483,,2,1
Black Swift,Cypseloides niger,1,United States,US,Washington,US-WA,King,US-WA-033,5,L713738,P,47.3202069,-122.3327637,8/27/11,12:30:00,obsr184835,S8728440,35,,,1,1
Black Swift,Cypseloides niger,4,United States,US,Washington,US-WA,King,US-WA-033,5,L351849,H,47.651685,-122.3151811,5/22/12,16:55:00,obsr184869,S10825353,5,,,3,1
Black Swift,Cypseloides niger,4,United States,US,Washington,US-WA,King,US-WA-033,5,L351849,H,47.651685,-122.3151811,5/22/12,16:55:00,obsr58678,S10825255,5,,,3,1
Black Swift,Cypseloides niger,1,United States,US,Washington,US-WA,King,US-WA-033,5,L351484,H,47.662576,-122.12052,5/31/12,5:20:00,obsr22459,S17207837,300,,161.8743,8,1
Black Swift,Cypseloides niger,15,United States,US,Washington,US-WA,King,US-WA-033,5,L351484,H,47.662576,-122.12052,5/24/12,4:30:00,obsr22459,S17207841,400,,161.8743,6,1
Black Swift,Cypseloides niger,4,United States,US,Washington,US-WA,King,US-WA-033,5,L351849,H,47.651685,-122.3151811,5/22/12,16:55:00,obsr50351,S10825352,5,,,3,1
Black Swift,Cypseloides niger,4,United States,US,Washington,US-WA,King,US-WA-033,5,L351849,H,47.651685,-122.3151811,5/22/12,,obsr50351,S10821096,,,,,0
Black Swift,Cypseloides niger,9,United States,US,Washington,US-WA,King,US-WA-033,5,L351484,H,47.662576,-122.12052,5/24/12,7:15:00,obsr205538,S10854129,180,1.609,,8,0
Black Swift,Cypseloides niger,1,United States,US,Washington,US-WA,King,US-WA-033,5,L1560641,P,47.6096364,-122.3431339,5/28/12,13:00:00,obsr287398,S10867235,180,2.414,,3,1
Black Swift,Cypseloides niger,2,United States,US,Washington,US-WA,King,US-WA-033,5,L351484,H,47.662576,-122.12052,5/31/12,5:25:00,obsr97255,S10883782,160,3.219,,10,1
Black Swift,Cypseloides niger,5,United States,US,Washington,US-WA,King,US-WA-033,5,L1577863,P,47.6583063,-122.1143456,6/9/12,9:00:00,obsr195971,S10944454,150,1.609,,1,1
Black Swift,Cypseloides niger,5,United States,US,Washington,US-WA,King,US-WA-033,5,L351484,H,47.662576,-122.12052,6/14/12,5:00:00,obsr22459,S17207833,315,,161.8743,12,1
Black Swift,Cypseloides niger,1,United States,US,Washington,US-WA,King,US-WA-033,5,L351484,H,47.662576,-122.12052,6/28/12,4:10:00,obsr22459,S17207830,410,,161.8743,12,1
Black Swift,Cypseloides niger,3,United States,US,Washington,US-WA,King,US-WA-033,5,L416332,H,47.4190282,-122.2763085,6/9/12,,obsr725950,S30796851,,,,1,1
Black Swift,Cypseloides niger,1,United States,US,Washington,US-WA,King,US-WA-033,5,L162766,H,47.65424,-122.29137,6/19/12,,obsr725950,S30794966,,,,1,1
Black Swift,Cypseloides niger,1,United States,US,Washington,US-WA,King,US-WA-033,5,L937215,P,47.6635376,-122.2805786,6/10/12,7:00:00,obsr175075,S10951312,120,1.609,,10,1
Black Swift,Cypseloides niger,X,United States,US,Washington,US-WA,King,US-WA-033,5,L162766,H,47.65424,-122.29137,6/10/12,7:00:00,obsr322692,S10951157,210,3.219,,9,1
Black Swift,Cypseloides niger,2,United States,US,Washington,US-WA,King,US-WA-033,5,L377966,T,47.45372,-122.32224,6/9/12,8:00:00,obsr291424,S10949326,,,,1,1
Black Swift,Cypseloides niger,15,United States,US,Washington,US-WA,King,US-WA-033,5,L351484,H,47.662576,-122.12052,6/7/12,5:30:00,obsr22459,S17207835,240,,161.8743,6,1
Black Swift,Cypseloides niger,3,United States,US,Washington,US-WA,King,US-WA-033,5,L1653036,H,47.3142829,-122.1746412,6/4/12,,obsr725950,S30796930,,,,1,1
Black Swift,Cypseloides niger,5,United States,US,Washington,US-WA,King,US-WA-033,5,L351484,H,47.662576,-122.12052,6/14/12,8:45:00,obsr97255,S10975263,50,1.609,,2,1
Black Swift,Cypseloides niger,3,United States,US,Washington,US-WA,King,US-WA-033,5,L1582505,P,47.42088,-122.1232,6/9/12,11:00:00,obsr203715,S10964624,,,,1,0
Black Swift,Cypseloides niger,2,United States,US,Washington,US-WA,King,US-WA-033,5,L351484,H,47.662576,-122.12052,6/14/12,5:30:00,obsr296388,S10975225,210,4.023,,10,1
Black Swift,Cypseloides niger,3,United States,US,Washington,US-WA,King,US-WA-033,5,L351484,H,47.662576,-122.12052,6/14/12,5:30:00,obsr146271,S10975998,270,4.828,,8,1
Black Swift,Cypseloides niger,5,United States,US,Washington,US-WA,King,US-WA-033,5,L232479,H,47.6981686,-122.2101878,6/17/12,19:00:00,obsr18326,S10997257,90,1.931,,2,1
Black Swift,Cypseloides niger,1,United States,US,Washington,US-WA,King,US-WA-033,5,L162766,H,47.65424,-122.29137,6/16/12,8:15:00,obsr169860,S10986534,120,1.609,,2,1
Black Swift,Cypseloides niger,5,United States,US,Washington,US-WA,King,US-WA-033,5,L232479,H,47.6981686,-122.2101878,6/17/12,19:00:00,obsr639651,S24318609,90,1.931,,2,1
Black Swift,Cypseloides niger,3,United States,US,Washington,US-WA,King,US-WA-033,,L128530,H,47.663868,-122.4215317,6/23/12,11:00:00,obsr202620,S11028638,150,4.828,,1,1
Black Swift,Cypseloides niger,1,United States,US,Washington,US-WA,King,US-WA-033,5,L1593589,P,47.665095,-122.2826162,6/14/12,6:50:00,obsr107483,S11010077,,,,1,0
Black Swift,Cypseloides niger,4,United States,US,Washington,US-WA,King,US-WA-033,5,L162766,H,47.65424,-122.29137,6/19/12,11:00:00,obsr107483,S11010066,105,1.609,,1,1
Black Swift,Cypseloides niger,3,United States,US,Washington,US-WA,King,US-WA-033,5,L351484,H,47.662576,-122.12052,6/24/12,5:50:00,obsr171915,S11034626,205,,64.7497,1,1
Black Swift,Cypseloides niger,9,United States,US,Washington,US-WA,King,US-WA-033,5,L321969,H,47.5597558,-122.0549817,6/3/12,9:00:00,obsr202543,S10916965,200,3.219,,3,1
Black Swift,Cypseloides niger,1,United States,US,Washington,US-WA,King,US-WA-033,5,L514231,H,47.6829127,-121.9239418,6/4/12,13:30:00,obsr210144,S10917201,180,9.656,,1,1
Black Swift,Cypseloides niger,2,United States,US,Washington,US-WA,King,US-WA-033,5,L302242,P,47.658543,-122.1317053,6/1/12,12:20:00,obsr97255,S10902271,,,,1,1
Black Swift,Cypseloides niger,1,United States,US,Washington,US-WA,King,US-WA-033,5,L257959,H,47.4066334,-122.2595633,6/24/12,8:00:00,obsr201220,S11034226,200,3.219,,1,0
Black Swift,Cypseloides niger,3,United States,US,Washington,US-WA,King,US-WA-033,5,L321969,H,47.5597558,-122.0549817,6/26/12,8:00:00,obsr195629,S11049149,270,4.023,,19,1
Black Swift,Cypseloides niger,9,United States,US,Washington,US-WA,King,US-WA-033,5,L321969,H,47.5597558,-122.0549817,6/3/12,8:45:00,obsr195629,S10921230,135,3.219,,1,1
Black Swift,Cypseloides niger,10,United States,US,Washington,US-WA,King,US-WA-033,5,L351484,H,47.662576,-122.12052,6/7/12,6:00:00,obsr296388,S10930788,225,3.219,,8,1
Black Swift,Cypseloides niger,1,United States,US,Washington,US-WA,King,US-WA-033,5,L1573931,P,47.7179375,-122.1653479,6/6/12,10:00:00,obsr195971,S10928727,45,0.322,,1,1
Black Swift,Cypseloides niger,3,United States,US,Washington,US-WA,King,US-WA-033,5,L321969,H,47.5597558,-122.0549817,6/26/12,8:00:00,obsr196219,S11062166,270,4.023,,19,1
Black Swift,Cypseloides niger,1,United States,US,Washington,US-WA,King,US-WA-033,5,L351484,H,47.662576,-122.12052,6/28/12,5:30:00,obsr146271,S11062006,300,4.828,,8,1
Black Swift,Cypseloides niger,1,United States,US,Washington,US-WA,King,US-WA-033,5,L351484,H,47.662576,-122.12052,6/28/12,5:30:00,obsr296388,S11062482,330,5.633,,10,1
Black Swift,Cypseloides niger,2,United States,US,Washington,US-WA,King,US-WA-033,9,L1640474,P,47.7154368,-121.1444811,7/29/12,14:00:00,obsr97255,S11233980,60,3.219,,2,1
Black Swift,Cypseloides niger,2,United States,US,Washington,US-WA,King,US-WA-033,5,L351484,H,47.662576,-122.12052,7/30/12,19:00:00,obsr113270,S11242207,30,1.609,,1,1
Black Swift,Cypseloides niger,3,United States,US,Washington,US-WA,King,US-WA-033,5,L1649456,P,47.6808114,-122.2510523,7/27/12,9:00:00,obsr331783,S11293877,180,4.023,,3,1
Black Swift,Cypseloides niger,X,United States,US,Washington,US-WA,King,US-WA-033,5,L1653002,P,47.5665137,-122.0850298,7/4/12,15:00:00,obsr332285,S11322104,20,,,1,1
Black Swift,Cypseloides niger,3,United States,US,Washington,US-WA,King,US-WA-033,5,L1649456,P,47.6808114,-122.2510523,7/27/12,9:00:00,obsr167846,S27469355,180,4.023,,3,1
Black Swift,Cypseloides niger,2,United States,US,Washington,US-WA,King,US-WA-033,5,L162766,H,47.65424,-122.29137,8/24/12,8:30:00,obsr169860,S11440737,90,0.805,,1,1
Black Swift,Cypseloides niger,X,United States,US,Washington,US-WA,King,US-WA-033,5,L1049769,H,47.5416862,-121.8378156,8/23/12,19:00:00,obsr324596,S11430174,10,0.161,,2,1
Black Swift,Cypseloides niger,2,United States,US,Washington,US-WA,King,US-WA-033,5,L321969,H,47.5597558,-122.0549817,8/20/12,8:00:00,obsr195629,S11452405,240,4.828,,11,1
Black Swift,Cypseloides niger,2,United States,US,Washington,US-WA,King,US-WA-033,5,L321969,H,47.5597558,-122.0549817,8/20/12,8:00:00,obsr196219,S19505785,240,4.828,,11,1
Black Swift,Cypseloides niger,1,United States,US,Washington,US-WA,King,US-WA-033,5,L1442892,P,47.6205833,-122.0564307,8/20/12,10:57:00,obsr303117,S11412035,57,0.161,,1,1
Black Swift,Cypseloides niger,3,United States,US,Washington,US-WA,King,US-WA-033,5,L162766,H,47.65424,-122.29137,8/24/12,7:45:00,obsr106498,S11432006,120,1.609,,2,1
Black Swift,Cypseloides niger,2,United States,US,Washington,US-WA,King,US-WA-033,5,L713738,P,47.3202069,-122.3327637,9/9/12,19:00:00,obsr184835,S11554168,30,,0.4047,1,1
Black Swift,Cypseloides niger,3,United States,US,Washington,US-WA,King,US-WA-033,5,L351484,H,47.662576,-122.12052,5/30/13,5:30:00,obsr218595,S14288977,240,4.828,,16,1
Black Swift,Cypseloides niger,3,United States,US,Washington,US-WA,King,US-WA-033,5,L351484,H,47.662576,-122.12052,5/30/13,5:24:00,obsr97255,S14289240,331,5.633,,1,1
Black Swift,Cypseloides niger,1,United States,US,Washington,US-WA,King,US-WA-033,5,L269461,H,47.6815336,-122.2505453,5/20/13,15:45:00,obsr294648,S14196110,120,3.219,,1,1
Black Swift,Cypseloides niger,3,United States,US,Washington,US-WA,King,US-WA-033,5,L351484,H,47.662576,-122.12052,5/30/13,5:00:00,obsr22459,S17325498,400,,161.8743,15,1
Black Swift,Cypseloides niger,5,United States,US,Washington,US-WA,King,US-WA-033,5,L351484,H,47.662576,-122.12052,5/23/13,5:00:00,obsr22459,S17325555,350,,161.8743,6,1
Black Swift,Cypseloides niger,X,United States,US,Washington,US-WA,King,US-WA-033,5,L162766,H,47.65424,-122.29137,5/23/13,12:30:00,obsr367576,S14221168,45,0.483,,1,1
Black Swift,Cypseloides niger,3,United States,US,Washington,US-WA,King,US-WA-033,5,L351484,H,47.662576,-122.12052,5/23/13,5:25:00,obsr97255,S14217331,338,5.633,,8,1
Black Swift,Cypseloides niger,2,United States,US,Washington,US-WA,King,US-WA-033,5,L269461,H,47.6815336,-122.2505453,6/14/13,4:02:00,obsr124466,S14418272,387,4.828,,1,1
Black Swift,Cypseloides niger,1,United States,US,Washington,US-WA,King,US-WA-033,5,L2615528,H,47.6493227,-122.1892011,6/14/13,9:31:00,obsr97255,S14418537,130,2.671,,2,1
Black Swift,Cypseloides niger,6,United States,US,Washington,US-WA,King,US-WA-033,5,L321969,H,47.5597558,-122.0549817,6/11/13,8:00:00,obsr202750,S14399195,240,2.414,,23,1
Black Swift,Cypseloides niger,8,United States,US,Washington,US-WA,King,US-WA-033,5,L321969,H,47.5597558,-122.0549817,6/11/13,8:00:00,obsr196219,S14417770,240,4.023,,22,1
Black Swift,Cypseloides niger,X,United States,US,Washington,US-WA,King,US-WA-033,5,L351484,H,47.662576,-122.12052,6/28/13,6:30:00,obsr223264,S14797391,120,3.219,,1,1
Black Swift,Cypseloides niger,1,United States,US,Washington,US-WA,King,US-WA-033,5,L351484,H,47.662576,-122.12052,6/7/13,,obsr131113,S16095838,,,,,0
Black Swift,Cypseloides niger,1,United States,US,Washington,US-WA,King,US-WA-033,5,L351484,H,47.662576,-122.12052,6/27/13,5:00:00,obsr22459,S17325556,330,,161.8743,11,1
Black Swift,Cypseloides niger,2,United States,US,Washington,US-WA,King,US-WA-033,5,L351484,H,47.662576,-122.12052,6/2/13,10:45:00,obsr292809,S14319780,105,0.805,,2,1
Black Swift,Cypseloides niger,2,United States,US,Washington,US-WA,King,US-WA-033,5,L351484,H,47.662576,-122.12052,6/2/13,10:45:00,obsr205538,S14319766,105,0.805,,2,1
Black Swift,Cypseloides niger,2,United States,US,Washington,US-WA,King,US-WA-033,5,L2243672,P,47.48203,-121.89423,6/22/13,16:15:00,obsr232684,S14480812,25,0.805,,1,1
Black Swift,Cypseloides niger,1,United States,US,Washington,US-WA,King,US-WA-033,5,L162766,H,47.65424,-122.29137,6/8/13,12:15:00,obsr292096,S14372090,75,1.609,,2,1
Black Swift,Cypseloides niger,2,United States,US,Washington,US-WA,King,US-WA-033,5,L162766,H,47.65424,-122.29137,6/9/13,8:00:00,obsr349493,S14379373,180,0.805,,4,1
Black Swift,Cypseloides niger,1,United States,US,Washington,US-WA,King,US-WA-033,5,L351484,H,47.662576,-122.12052,6/27/13,5:25:00,obsr97255,S14515896,310,5.633,,11,1
Black Swift,Cypseloides niger,1,United States,US,Washington,US-WA,King,US-WA-033,5,L351484,H,47.662576,-122.12052,6/26/13,5:30:00,obsr146271,S14516069,300,4.828,,10,1
Black Swift,Cypseloides niger,1,United States,US,Washington,US-WA,King,US-WA-033,5,L162766,H,47.65424,-122.29137,6/10/13,8:30:00,obsr287974,S14389170,135,2.414,,1,1
Black Swift,Cypseloides niger,2,United States,US,Washington,US-WA,King,US-WA-033,5,L352323,H,47.599951,-122.134904,6/24/13,,obsr13850,S14543737,,,,1,1
Black Swift,Cypseloides niger,2,United States,US,Washington,US-WA,King,US-WA-033,5,L351484,H,47.662576,-122.12052,6/28/13,13:00:00,obsr349493,S14525498,208,1.609,,2,1
Black Swift,Cypseloides niger,4,United States,US,Washington,US-WA,King,US-WA-033,5,L321969,H,47.5597558,-122.0549817,6/11/13,7:30:00,obsr97255,S14397842,255,2.414,,16,1
Black Swift,Cypseloides niger,8,United States,US,Washington,US-WA,King,US-WA-033,5,L321969,H,47.5597558,-122.0549817,6/11/13,8:00:00,obsr195629,S14398912,240,4.023,,22,1
Black Swift,Cypseloides niger,8,United States,US,Washington,US-WA,King,US-WA-033,5,L321969,H,47.5597558,-122.0549817,6/11/13,8:00:00,obsr287974,S14400500,240,4.023,,22,1
Black Swift,Cypseloides niger,2,United States,US,Washington,US-WA,King,US-WA-033,5,L352323,H,47.599951,-122.134904,6/22/13,,obsr13850,S14543736,,,,1,1
Black Swift,Cypseloides niger,2,United States,US,Washington,US-WA,King,US-WA-033,5,L514231,H,47.6829127,-121.9239418,7/12/13,17:30:00,obsr349493,S14631122,63,1.609,,2,1
Black Swift,Cypseloides niger,1,United States,US,Washington,US-WA,King,US-WA-033,5,L351484,H,47.662576,-122.12052,8/22/13,6:20:00,obsr97255,S14981202,299,5.311,,11,1
Black Swift,Cypseloides niger,2,United States,US,Washington,US-WA,King,US-WA-033,5,L351484,H,47.662576,-122.12052,8/22/13,5:15:00,obsr22459,S17325512,350,,161.8743,10,1
Black Swift,Cypseloides niger,6,United States,US,Washington,US-WA,King,US-WA-033,5,L351484,H,47.662576,-122.12052,8/8/13,5:00:00,obsr22459,S17325562,360,,161.8743,9,1
Black Swift,Cypseloides niger,2,United States,US,Washington,US-WA,King,US-WA-033,5,L351484,H,47.662576,-122.12052,8/8/13,5:50:00,obsr97255,S14883215,327,5.633,,10,1
Black Swift,Cypseloides niger,3,United States,US,Washington,US-WA,King,US-WA-033,5,L732157,P,47.658745,-122.4182162,9/7/13,6:51:00,obsr169860,S15119349,120,,17.8062,3,1
Black Swift,Cypseloides niger,2,United States,US,Washington,US-WA,King,US-WA-033,5,L269461,H,47.6815336,-122.2505453,5/20/14,14:00:00,obsr292096,S18502541,75,2.414,,1,1
Black Swift,Cypseloides niger,1,United States,US,Washington,US-WA,King,US-WA-033,5,L269461,H,47.6815336,-122.2505453,5/26/14,14:00:00,obsr465142,S18630167,180,6.437,,2,1
Black Swift,Cypseloides niger,2,United States,US,Washington,US-WA,King,US-WA-033,5,L269461,H,47.6815336,-122.2505453,5/17/14,4:49:00,obsr355769,S18432025,312,4.023,,3,1
Black Swift,Cypseloides niger,2,United States,US,Washington,US-WA,King,US-WA-033,5,L269461,H,47.6815336,-122.2505453,5/17/14,4:49:00,obsr431826,S18433273,312,4.023,,3,1
Black Swift,Cypseloides niger,2,United States,US,Washington,US-WA,King,US-WA-033,5,L269461,H,47.6815336,-122.2505453,5/17/14,4:49:00,obsr124466,S18431637,312,4.023,,3,1
Black Swift,Cypseloides niger,3,United States,US,Washington,US-WA,King,US-WA-033,5,L321969,H,47.5597558,-122.0549817,5/25/14,8:40:00,obsr291158,S18553283,155,2.414,,1,1
Black Swift,Cypseloides niger,1,United States,US,Washington,US-WA,King,US-WA-033,5,L351484,H,47.662576,-122.12052,5/29/14,5:26:00,obsr97255,S18610617,309,6.437,,18,1
Black Swift,Cypseloides niger,2,United States,US,Washington,US-WA,King,US-WA-033,5,L351484,H,47.662576,-122.12052,6/19/14,6:30:00,obsr205538,S18841943,180,4.828,,9,1
Black Swift,Cypseloides niger,11,United States,US,Washington,US-WA,King,US-WA-033,5,L2937197,P,47.6569618,-122.1146572,6/19/14,5:30:00,obsr525884,S18880797,180,3.219,,12,1
Black Swift,Cypseloides niger,2,United States,US,Washington,US-WA,King,US-WA-033,5,L351484,H,47.662576,-122.12052,6/19/14,4:30:00,obsr22459,S18880440,400,,161.8743,8,1
Black Swift,Cypseloides niger,2,United States,US,Washington,US-WA,King,US-WA-033,5,L351484,H,47.662576,-122.12052,6/19/14,5:35:00,obsr195629,S18896328,300,8.047,,8,1
Black Swift,Cypseloides niger,2,United States,US,Washington,US-WA,King,US-WA-033,5,L351484,H,47.662576,-122.12052,6/25/14,19:00:00,obsr465142,S19395500,15,0.161,,2,1
Black Swift,Cypseloides niger,5,United States,US,Washington,US-WA,King,US-WA-033,5,L514231,H,47.6829127,-121.9239418,6/28/14,11:30:00,obsr140028,S18938134,120,3.219,,1,1
Black Swift,Cypseloides niger,3,United States,US,Washington,US-WA,King,US-WA-033,5,L2942452,P,47.282537,-122.163529,6/28/14,6:49:00,obsr291283,S18933623,130,4.506,,1,1
Black Swift,Cypseloides niger,1,United States,US,Washington,US-WA,King,US-WA-033,5,L351484,H,47.662576,-122.12052,6/26/14,5:30:00,obsr97255,S18916093,319,5.633,,12,1
Black Swift,Cypseloides niger,10,United States,US,Washington,US-WA,King,US-WA-033,5,L321279,H,47.6545148,-122.1077304,6/14/14,9:30:00,obsr339747,S18799600,90,2.414,,1,1
Black Swift,Cypseloides niger,3,United States,US,Washington,US-WA,King,US-WA-033,5,L269461,H,47.6815336,-122.2505453,6/29/14,7:45:00,obsr203715,S18943191,110,2.414,,1,1
Black Swift,Cypseloides niger,3,United States,US,Washington,US-WA,King,US-WA-033,5,L2948413,P,47.280744,-122.15191,6/28/14,7:47:00,obsr526905,S18939548,120,4.506,,5,1
Black Swift,Cypseloides niger,8,United States,US,Washington,US-WA,King,US-WA-033,5,L269461,H,47.6815336,-122.2505453,6/29/14,7:30:00,obsr221054,S18945312,180,1.207,,2,1
Black Swift,Cypseloides niger,1,United States,US,Washington,US-WA,King,US-WA-033,5,L2626921,P,47.5063597,-121.7896271,6/14/14,9:00:00,obsr477191,S18785747,60,0.805,,2,1
Black Swift,Cypseloides niger,1,United States,US,Washington,US-WA,King,US-WA-033,5,L351484,H,47.662576,-122.12052,6/26/14,5:30:00,obsr102425,S18949778,210,2.414,,12,1
Black Swift,Cypseloides niger,8,United States,US,Washington,US-WA,King,US-WA-033,5,L269461,H,47.6815336,-122.2505453,6/29/14,7:30:00,obsr208083,S18945260,180,1.207,,2,1
Black Swift,Cypseloides niger,1,United States,US,Washington,US-WA,King,US-WA-033,9,L2349425,P,47.392747,-121.474774,6/28/14,10:30:00,obsr321312,S18977455,,,,1,1
Black Swift,Cypseloides niger,15,United States,US,Washington,US-WA,King,US-WA-033,5,L351484,H,47.662576,-122.12052,6/16/14,11:05:00,obsr321305,S18813526,125,2.414,,6,1
Black Swift,Cypseloides niger,1,United States,US,Washington,US-WA,King,US-WA-033,5,L351484,H,47.662576,-122.12052,6/19/14,18:15:00,obsr427103,S18841813,90,1.609,,4,1
Black Swift,Cypseloides niger,1,United States,US,Washington,US-WA,King,US-WA-033,5,L351484,H,47.662576,-122.12052,6/26/14,4:00:00,obsr22459,S18984531,400,,161.8743,12,1
Black Swift,Cypseloides niger,3,United States,US,Washington,US-WA,King,US-WA-033,5,L2960531,P,47.2832758,-122.1547508,6/29/14,7:00:00,obsr457249,S18996404,90,,,5,1
Black Swift,Cypseloides niger,20,United States,US,Washington,US-WA,King,US-WA-033,5,L1484444,H,47.7565344,-122.2212031,7/20/14,,obsr308207,S19181498,,,,,1
Black Swift,Cypseloides niger,1,United States,US,Washington,US-WA,King,US-WA-033,5,L351484,H,47.662576,-122.12052,7/10/14,4:15:00,obsr22459,S19200090,400,,161.8743,16,1
Black Swift,Cypseloides niger,1,United States,US,Washington,US-WA,King,US-WA-033,5,L351484,H,47.662576,-122.12052,7/10/14,5:24:00,obsr97255,S19062305,307,6.437,,15,1
Black Swift,Cypseloides niger,1,United States,US,Washington,US-WA,King,US-WA-033,5,L162766,H,47.65424,-122.29137,7/24/14,10:40:00,obsr475728,S19207321,80,1.207,,1,1
Black Swift,Cypseloides niger,4,United States,US,Washington,US-WA,King,US-WA-033,5,L351484,H,47.662576,-122.12052,7/23/14,4:30:00,obsr22459,S19210880,360,,161.8743,8,1
Black Swift,Cypseloides niger,1,United States,US,Washington,US-WA,King,US-WA-033,5,L351484,H,47.662576,-122.12052,7/24/14,5:25:00,obsr97255,S19206804,314,6.437,,9,1
Black Swift,Cypseloides niger,1,United States,US,Washington,US-WA,King,US-WA-033,5,L2888853,P,47.6804719,-122.250967,7/25/14,6:30:00,obsr475728,S19214319,90,3.219,,1,1
Black Swift,Cypseloides niger,5,United States,US,Washington,US-WA,King,US-WA-033,5,L1049769,H,47.5416862,-121.8378156,7/29/14,20:15:00,obsr339747,S19270815,15,,,2,1
Black Swift,Cypseloides niger,X,United States,US,Washington,US-WA,King,US-WA-033,5,L351484,H,47.662576,-122.12052,7/10/14,5:30:00,obsr223264,S20293584,240,4.828,,17,1
Black Swift,Cypseloides niger,1,United States,US,Washington,US-WA,King,US-WA-033,5,L351484,H,47.662576,-122.12052,7/3/14,4:14:00,obsr97255,S18980229,381,5.633,,18,1
Black Swift,Cypseloides niger,1,United States,US,Washington,US-WA,King,US-WA-033,5,L232479,H,47.6981686,-122.2101878,7/19/14,15:30:00,obsr527242,S19155591,80,1.287,,2,1
Black Swift,Cypseloides niger,X,United States,US,Washington,US-WA,King,US-WA-033,5,L351484,H,47.662576,-122.12052,7/3/14,5:30:00,obsr223264,S20293536,240,4.828,,18,1
Black Swift,Cypseloides niger,1,United States,US,Washington,US-WA,King,US-WA-033,5,L351484,H,47.662576,-122.12052,7/3/14,4:45:00,obsr22459,S18984530,350,,161.8743,18,1
Black Swift,Cypseloides niger,1,United States,US,Washington,US-WA,King,US-WA-033,9,L1745156,H,47.4497041,-121.4685562,8/16/14,9:27:00,obsr203715,S19514561,500,9.656,,1,1
Black Swift,Cypseloides niger,X,United States,US,Washington,US-WA,King,US-WA-033,5,L351484,H,47.662576,-122.12052,8/28/14,6:00:00,obsr223264,S20319189,240,3.219,,15,1
Black Swift,Cypseloides niger,1,United States,US,Washington,US-WA,King,US-WA-033,5,L269461,H,47.6815336,-122.2505453,8/22/14,16:30:00,obsr165859,S19546528,120,0.402,,1,1
Black Swift,Cypseloides niger,1,United States,US,Washington,US-WA,King,US-WA-033,5,L3054764,P,47.5346906,-121.8586779,8/24/14,14:30:00,obsr195629,S19572929,61,,,1,1
Black Swift,Cypseloides niger,1,United States,US,Washington,US-WA,King,US-WA-033,5,L257950,H,47.3284365,-122.2431564,8/28/14,7:00:00,obsr422009,S20256030,240,8.047,,1,1
Black Swift,Cypseloides niger,10,United States,US,Washington,US-WA,King,US-WA-033,9,L3056676,P,47.6613144,-121.5774536,8/24/14,10:30:00,obsr171915,S19586298,330,16.093,,3,0
Black Swift,Cypseloides niger,1,United States,US,Washington,US-WA,King,US-WA-033,5,L351484,H,47.662576,-122.12052,8/28/14,5:30:00,obsr22459,S19779693,300,,161.8743,14,1
Black Swift,Cypseloides niger,1,United States,US,Washington,US-WA,King,US-WA-033,5,L997884,P,47.7496256,-122.3593926,8/12/14,14:30:00,obsr107483,S19440301,90,2.414,,1,1
Black Swift,Cypseloides niger,1,United States,US,Washington,US-WA,King,US-WA-033,5,L351484,H,47.662576,-122.12052,8/28/14,6:30:00,obsr425319,S19607591,300,4.828,,13,1
Black Swift,Cypseloides niger,1,United States,US,Washington,US-WA,King,US-WA-033,5,L302242,P,47.658543,-122.1317053,8/27/14,10:01:00,obsr97255,S19588114,,,,1,1
Black Swift,Cypseloides niger,3,United States,US,Washington,US-WA,King,US-WA-033,9,L3038998,P,47.5498262,-121.2464476,8/11/14,11:00:00,obsr477191,S19480255,30,,,2,1
Black Swift,Cypseloides niger,2,United States,US,Washington,US-WA,King,US-WA-033,5,L321969,H,47.5597558,-122.0549817,8/13/14,8:00:00,obsr195629,S19468899,230,4.023,,9,1
Black Swift,Cypseloides niger,1,United States,US,Washington,US-WA,King,US-WA-033,5,L918487,P,47.651744,-122.1326065,8/27/14,8:57:00,obsr97255,S19587954,66,2.414,,2,1
Black Swift,Cypseloides niger,2,United States,US,Washington,US-WA,King,US-WA-033,5,L321969,H,47.5597558,-122.0549817,8/13/14,8:00:00,obsr196219,S19475296,230,4.023,,9,1
Black Swift,Cypseloides niger,2,United States,US,Washington,US-WA,King,US-WA-033,5,L321969,H,47.5597558,-122.0549817,8/13/14,8:00:00,obsr465142,S19472784,230,4.023,,9,1
Black Swift,Cypseloides niger,1,United States,US,Washington,US-WA,King,US-WA-033,5,L351484,H,47.662576,-122.12052,8/28/14,5:11:00,obsr97255,S19597412,371,9.656,,14,1
Black Swift,Cypseloides niger,2,United States,US,Washington,US-WA,King,US-WA-033,5,L321969,H,47.5597558,-122.0549817,8/13/14,8:00:00,obsr425319,S19469404,230,4.023,,9,1
Black Swift,Cypseloides niger,2,United States,US,Washington,US-WA,King,US-WA-033,5,L321969,H,47.5597558,-122.0549817,8/13/14,8:00:00,obsr533236,S19469418,230,4.023,,9,1
Black Swift,Cypseloides niger,2,United States,US,Washington,US-WA,King,US-WA-033,5,L3064502,P,47.383744,-122.0254281,8/31/14,9:00:00,obsr374165,S19635110,360,,,3,1
Black Swift,Cypseloides niger,1,United States,US,Washington,US-WA,King,US-WA-033,,L128530,H,47.663868,-122.4215317,9/10/14,6:35:00,obsr107483,S19793898,390,8.047,,2,1
Black Swift,Cypseloides niger,1,United States,US,Washington,US-WA,King,US-WA-033,,L128530,H,47.663868,-122.4215317,9/10/14,6:35:00,obsr202620,S19794047,390,8.047,,2,1
Black Swift,Cypseloides niger,1,United States,US,Washington,US-WA,King,US-WA-033,5,L799190,P,47.6701559,-122.1102905,5/24/15,7:22:00,obsr195629,S23653855,99,1.207,,1,1
Black Swift,Cypseloides niger,1,United States,US,Washington,US-WA,King,US-WA-033,5,L799190,P,47.6701559,-122.1102905,5/24/15,7:22:00,obsr196219,S23664648,99,1.207,,1,1
Black Swift,Cypseloides niger,1,United States,US,Washington,US-WA,King,US-WA-033,5,L321279,H,47.6545148,-122.1077304,5/27/15,15:30:00,obsr414753,S23781525,120,3.219,,1,1
Black Swift,Cypseloides niger,2,United States,US,Washington,US-WA,King,US-WA-033,5,L866914,P,47.4796099,-122.2079873,5/16/15,16:03:00,obsr210144,S23479580,,,,1,0
Black Swift,Cypseloides niger,3,United States,US,Washington,US-WA,King,US-WA-033,9,L3724363,H,47.7087349,-121.376406,6/27/15,9:28:00,obsr228041,S24071211,196,5.633,,1,1
Black Swift,Cypseloides niger,2,United States,US,Washington,US-WA,King,US-WA-033,9,L3724363,H,47.7087349,-121.376406,6/15/15,20:20:00,obsr50351,S23926904,35,0.402,,2,1
Black Swift,Cypseloides niger,2,United States,US,Washington,US-WA,King,US-WA-033,9,L3724363,H,47.7087349,-121.376406,6/15/15,20:20:00,obsr437150,S23926906,35,0.402,,2,1
Black Swift,Cypseloides niger,4,United States,US,Washington,US-WA,King,US-WA-033,9,L3755624,P,47.717019,-121.392657,6/28/15,8:03:00,obsr114791,S24079230,20,0.322,,1,1
Black Swift,Cypseloides niger,2,United States,US,Washington,US-WA,King,US-WA-033,5,L351484,H,47.662576,-122.12052,6/28/15,11:00:00,obsr446361,S24083218,60,0.402,,1,1
Black Swift,Cypseloides niger,1,United States,US,Washington,US-WA,King,US-WA-033,9,L3724363,H,47.7087349,-121.376406,6/28/15,6:15:00,obsr114791,S24078446,47,0.805,,1,1
Black Swift,Cypseloides niger,5,United States,US,Washington,US-WA,King,US-WA-033,9,L3724363,H,47.7087349,-121.376406,6/28/15,7:37:00,obsr120359,S24079553,66,4,,1,1
Black Swift,Cypseloides niger,4,United States,US,Washington,US-WA,King,US-WA-033,9,L3724363,H,47.7087349,-121.376406,6/18/15,10:30:00,obsr309796,S23965790,30,,,3,0
Black Swift,Cypseloides niger,X,United States,US,Washington,US-WA,King,US-WA-033,9,L271177,P,47.6986938,-121.2032339,6/12/15,,obsr47067,S23941352,,,,3,0
Black Swift,Cypseloides niger,1,United States,US,Washington,US-WA,King,US-WA-033,9,L3708043,P,47.416111,-121.44069,6/8/15,15:16:00,obsr161775,S23836989,120,1.609,,1,1
Black Swift,Cypseloides niger,3,United States,US,Washington,US-WA,King,US-WA-033,5,L283821,H,47.5007162,-122.2146012,6/8/15,19:30:00,obsr287392,S23838038,40,1.609,,2,1
Black Swift,Cypseloides niger,2,United States,US,Washington,US-WA,King,US-WA-033,9,L3754118,P,47.7124586,-121.3475929,6/19/15,15:58:00,obsr58880,S23975062,15,,,1,1
Black Swift,Cypseloides niger,3,United States,US,Washington,US-WA,King,US-WA-033,9,L3724363,H,47.7087349,-121.376406,6/19/15,15:25:00,obsr291158,S23980110,170,0.402,,1,1
Black Swift,Cypseloides niger,1,United States,US,Washington,US-WA,King,US-WA-033,9,L3724363,H,47.7087349,-121.376406,6/19/15,18:08:00,obsr186819,S23976449,100,0.966,,1,1
Black Swift,Cypseloides niger,2,United States,US,Washington,US-WA,King,US-WA-033,9,L3724363,H,47.7087349,-121.376406,6/18/15,16:20:00,obsr341220,S23966682,125,,,2,1
Black Swift,Cypseloides niger,5,United States,US,Washington,US-WA,King,US-WA-033,5,L1049769,H,47.5416862,-121.8378156,6/29/15,20:45:00,obsr504941,S24099703,30,,,1,1
Black Swift,Cypseloides niger,1,United States,US,Washington,US-WA,King,US-WA-033,5,L1049769,H,47.5416862,-121.8378156,6/30/15,21:28:00,obsr397397,S24110438,13,,,1,0
Black Swift,Cypseloides niger,1,United States,US,Washington,US-WA,King,US-WA-033,9,L3724363,H,47.7087349,-121.376406,6/16/15,10:00:00,obsr397587,S24123397,420,4.828,,2,1
Black Swift,Cypseloides niger,2,United States,US,Washington,US-WA,King,US-WA-033,9,L3724363,H,47.7087349,-121.376406,6/19/15,16:30:00,obsr364848,S23985179,171,,,15,1
Black Swift,Cypseloides niger,1,United States,US,Washington,US-WA,King,US-WA-033,9,L3724363,H,47.7087349,-121.376406,6/21/15,6:42:00,obsr240895,S23995722,245,3.219,,2,1
Black Swift,Cypseloides niger,1,United States,US,Washington,US-WA,King,US-WA-033,9,L3724363,H,47.7087349,-121.376406,6/21/15,11:30:00,obsr199285,S24002150,180,4.828,,1,1
Black Swift,Cypseloides niger,2,United States,US,Washington,US-WA,King,US-WA-033,9,L3724363,H,47.7087349,-121.376406,6/20/15,12:15:00,obsr307558,S23988152,120,4.828,,2,1
Black Swift,Cypseloides niger,2,United States,US,Washington,US-WA,King,US-WA-033,9,L3724363,H,47.7087349,-121.376406,6/23/15,15:00:00,obsr424048,S28144764,15,,,3,0
Black Swift,Cypseloides niger,X,United States,US,Washington,US-WA,King,US-WA-033,5,L735303,H,47.523852,-121.7963326,6/2/15,10:22:00,obsr223235,S23751409,139,4.828,,1,1
Black Swift,Cypseloides niger,1,United States,US,Washington,US-WA,King,US-WA-033,5,L3692149,P,47.3436769,-122.2047982,6/2/15,9:10:00,obsr424498,S23751389,90,0.193,,6,1
Black Swift,Cypseloides niger,7,United States,US,Washington,US-WA,King,US-WA-033,9,L3743890,P,47.7092,-121.37668,6/22/15,13:00:00,obsr194695,S24017229,492,6.437,,1,1
Black Swift,Cypseloides niger,2,United States,US,Washington,US-WA,King,US-WA-033,9,L3750035,P,47.710885,-121.340719,6/25/15,9:15:00,obsr413497,S24050392,26,,,1,1
Black Swift,Cypseloides niger,4,United States,US,Washington,US-WA,King,US-WA-033,9,L3746189,P,47.7074913,-121.3640678,6/18/15,9:30:00,obsr23008,S24031524,290,3.219,,1,1
Black Swift,Cypseloides niger,2,United States,US,Washington,US-WA,King,US-WA-033,9,L3724363,H,47.7087349,-121.376406,6/23/15,13:45:00,obsr499334,S24034698,300,6.437,,1,1
Black Swift,Cypseloides niger,2,United States,US,Washington,US-WA,King,US-WA-033,5,L192934,H,47.5891498,-122.1867639,7/11/15,4:44:00,obsr196219,S24326120,277,4.506,,3,1
Black Swift,Cypseloides niger,1,United States,US,Washington,US-WA,King,US-WA-033,5,L162766,H,47.65424,-122.29137,7/24/15,9:49:00,obsr422009,S24365634,73,3,,2,1
Black Swift,Cypseloides niger,1,United States,US,Washington,US-WA,King,US-WA-033,5,L321969,H,47.5597558,-122.0549817,7/22/15,7:46:00,obsr195629,S24358439,250,3.219,,18,1
Black Swift,Cypseloides niger,1,United States,US,Washington,US-WA,King,US-WA-033,5,L321969,H,47.5597558,-122.0549817,7/22/15,7:46:00,obsr231129,S24364666,250,3.219,,18,1
Black Swift,Cypseloides niger,1,United States,US,Washington,US-WA,King,US-WA-033,5,L321969,H,47.5597558,-122.0549817,7/22/15,7:46:00,obsr13850,S24371255,250,3.219,,18,1
Black Swift,Cypseloides niger,1,United States,US,Washington,US-WA,King,US-WA-033,5,L321969,H,47.5597558,-122.0549817,7/22/15,7:46:00,obsr396081,S24383312,250,3.219,,18,1
Black Swift,Cypseloides niger,1,United States,US,Washington,US-WA,King,US-WA-033,5,L321969,H,47.5597558,-122.0549817,7/22/15,7:46:00,obsr196219,S24365033,250,3.219,,18,1
Black Swift,Cypseloides niger,1,United States,US,Washington,US-WA,King,US-WA-033,5,L321969,H,47.5597558,-122.0549817,7/22/15,7:46:00,obsr425319,S24359886,250,3.219,,18,1
Black Swift,Cypseloides niger,1,United States,US,Washington,US-WA,King,US-WA-033,9,L3786078,P,47.711379,-121.341007,7/12/15,9:29:00,obsr175438,S24236792,16,0.161,,3,1
Black Swift,Cypseloides niger,2,United States,US,Washington,US-WA,King,US-WA-033,5,L1049769,H,47.5416862,-121.8378156,7/2/15,19:45:00,obsr292096,S24130132,80,,,1,1
Black Swift,Cypseloides niger,1,United States,US,Washington,US-WA,King,US-WA-033,9,L3786078,P,47.711379,-121.341007,7/12/15,9:29:00,obsr101835,S24251528,16,0.161,,3,1
Black Swift,Cypseloides niger,2,United States,US,Washington,US-WA,King,US-WA-033,5,L192934,H,47.5891498,-122.1867639,7/11/15,4:44:00,obsr195629,S24262226,277,4.506,,3,1
Black Swift,Cypseloides niger,2,United States,US,Washington,US-WA,King,US-WA-033,5,L192934,H,47.5891498,-122.1867639,7/11/15,4:44:00,obsr211837,S24288722,277,4.506,,3,1
Black Swift,Cypseloides niger,1,United States,US,Washington,US-WA,King,US-WA-033,5,L351484,H,47.662576,-122.12052,7/11/15,18:37:00,obsr465142,S24281356,45,0.644,,2,1
Black Swift,Cypseloides niger,2,United States,US,Washington,US-WA,King,US-WA-033,9,L2259153,P,47.5602238,-121.7363691,7/7/15,8:53:00,obsr97255,S24182678,120,1.609,,2,1
Black Swift,Cypseloides niger,1,United States,US,Washington,US-WA,King,US-WA-033,5,L269461,H,47.6815336,-122.2505453,8/15/15,9:30:00,obsr165859,S24631677,135,1.609,,1,1
Black Swift,Cypseloides niger,2,United States,US,Washington,US-WA,King,US-WA-033,5,L232479,H,47.6981686,-122.2101878,8/25/15,8:50:00,obsr527242,S26661604,185,1.609,,2,0
Black Swift,Cypseloides niger,6,United States,US,Washington,US-WA,King,US-WA-033,5,L1049769,H,47.5416862,-121.8378156,8/4/15,11:25:00,obsr314455,S24495046,40,,,1,1
Black Swift,Cypseloides niger,X,United States,US,Washington,US-WA,King,US-WA-033,9,L271177,P,47.6986938,-121.2032339,8/19/15,,obsr47067,S24783240,,,,2,0
Black Swift,Cypseloides niger,6,United States,US,Washington,US-WA,King,US-WA-033,9,L3056676,P,47.6613144,-121.5774536,8/29/15,10:30:00,obsr171915,S24946758,570,8.047,,1,0
Black Swift,Cypseloides niger,1,United States,US,Washington,US-WA,King,US-WA-033,5,L1839965,H,47.1288646,-121.3965225,8/6/15,5:30:00,obsr477191,S24524661,480,3.219,,1,1
Black Swift,Cypseloides niger,31,United States,US,Washington,US-WA,King,US-WA-033,5,L257959,H,47.4066334,-122.2595633,8/30/15,8:03:00,obsr275921,S24838924,195,4.828,,6,1
Black Swift,Cypseloides niger,31,United States,US,Washington,US-WA,King,US-WA-033,5,L257959,H,47.4066334,-122.2595633,8/30/15,8:03:00,obsr211837,S24838170,195,4.828,,6,1
Black Swift,Cypseloides niger,31,United States,US,Washington,US-WA,King,US-WA-033,5,L257959,H,47.4066334,-122.2595633,8/30/15,8:03:00,obsr635310,S24838902,195,4.828,,6,1
Black Swift,Cypseloides niger,3,United States,US,Washington,US-WA,King,US-WA-033,5,L283821,H,47.5007162,-122.2146012,8/10/15,8:02:00,obsr538005,S24568395,82,3.219,,1,1
Black Swift,Cypseloides niger,31,United States,US,Washington,US-WA,King,US-WA-033,5,L257959,H,47.4066334,-122.2595633,8/30/15,8:03:00,obsr3389,S24860608,195,4.828,,6,1
Black Swift,Cypseloides niger,31,United States,US,Washington,US-WA,King,US-WA-033,5,L257959,H,47.4066334,-122.2595633,8/30/15,8:03:00,obsr285965,S24840601,195,4.828,,6,1
Black Swift,Cypseloides niger,2,United States,US,Washington,US-WA,King,US-WA-033,5,L1049769,H,47.5416862,-121.8378156,8/1/15,13:30:00,obsr536396,S24459809,30,0.322,,1,1
Black Swift,Cypseloides niger,25,United States,US,Washington,US-WA,King,US-WA-033,,L128530,H,47.663868,-122.4215317,9/6/15,14:30:00,obsr202620,S24920262,180,1.609,,3,1
Black Swift,Cypseloides niger,4,United States,US,Washington,US-WA,King,US-WA-033,,L128530,H,47.663868,-122.4215317,9/6/15,16:28:00,obsr124466,S24919977,66,0.805,,1,1
Black Swift,Cypseloides niger,4,United States,US,Washington,US-WA,King,US-WA-033,,L128530,H,47.663868,-122.4215317,9/6/15,12:15:00,obsr107483,S24922418,240,8.047,,1,1
Black Swift,Cypseloides niger,4,United States,US,Washington,US-WA,King,US-WA-033,,L128530,H,47.663868,-122.4215317,9/6/15,14:50:00,obsr18326,S24918914,88,,,3,1
Black Swift,Cypseloides niger,18,United States,US,Washington,US-WA,King,US-WA-033,5,L3892529,P,47.5354572,-122.0441151,9/7/15,12:30:00,obsr563530,S24938700,75,4.828,0.4047,1,1
Black Swift,Cypseloides niger,10,United States,US,Washington,US-WA,King,US-WA-033,5,L3674353,P,47.5359699,-122.0440239,9/6/15,13:10:00,obsr61419,S24926990,,,,1,0
Black Swift,Cypseloides niger,2,United States,US,Washington,US-WA,King,US-WA-033,5,L2626921,P,47.5063597,-121.7896271,9/19/15,9:00:00,obsr477191,S25092289,120,0.805,,1,1
Black Swift,Cypseloides niger,2,United States,US,Washington,US-WA,King,US-WA-033,5,L269461,H,47.6815336,-122.2505453,9/7/15,9:00:00,obsr140668,S24973493,120,1.609,,20,1
Black Swift,Cypseloides niger,2,United States,US,Washington,US-WA,King,US-WA-033,5,L232479,H,47.6981686,-122.2101878,9/1/15,10:43:00,obsr18326,S24851698,66,2.414,,1,1
Black Swift,Cypseloides niger,15,United States,US,Washington,US-WA,King,US-WA-033,5,L283821,H,47.5007162,-122.2146012,9/4/15,9:30:00,obsr114791,S24886187,46,0.161,,1,1
Black Swift,Cypseloides niger,10,United States,US,Washington,US-WA,King,US-WA-033,5,L3674353,P,47.5359699,-122.0440239,9/6/15,13:10:00,obsr760623,S29658602,,,,1,0
Black Swift,Cypseloides niger,8,United States,US,Washington,US-WA,King,US-WA-033,5,L232479,H,47.6981686,-122.2101878,9/4/15,10:30:00,obsr308207,S24889690,105,3.219,,3,1
Black Swift,Cypseloides niger,1,United States,US,Washington,US-WA,King,US-WA-033,5,L269461,H,47.6815336,-122.2505453,9/4/15,5:21:00,obsr124466,S24891873,371,8.047,,1,1
Black Swift,Cypseloides niger,1,United States,US,Washington,US-WA,King,US-WA-033,5,L4620430,P,47.6950188,-122.0972013,5/19/16,17:15:00,obsr527242,S29785966,,,,1,0
Black Swift,Cypseloides niger,30,United States,US,Washington,US-WA,King,US-WA-033,5,L351484,H,47.662576,-122.12052,5/19/16,5:38:00,obsr97255,S29777003,339,8.851,,12,1
Black Swift,Cypseloides niger,25,United States,US,Washington,US-WA,King,US-WA-033,5,L351484,H,47.662576,-122.12052,5/19/16,5:45:00,obsr504941,S29777337,4,3.219,,12,1
Black Swift,Cypseloides niger,1,United States,US,Washington,US-WA,King,US-WA-033,,L128530,H,47.663868,-122.4215317,5/29/16,6:50:00,obsr107483,S29974537,315,15.126,,1,1
Black Swift,Cypseloides niger,1,United States,US,Washington,US-WA,King,US-WA-033,5,L162766,H,47.65424,-122.29137,5/30/16,6:25:00,obsr475728,S29989870,150,3.219,,1,1
Black Swift,Cypseloides niger,1,United States,US,Washington,US-WA,King,US-WA-033,5,L351484,H,47.662576,-122.12052,5/30/16,10:11:00,obsr726702,S29999827,69,1.609,,2,1
Black Swift,Cypseloides niger,5,United States,US,Washington,US-WA,King,US-WA-033,5,L3892529,P,47.5354572,-122.0441151,5/30/16,11:10:00,obsr563530,S30000521,70,3.219,,1,1
Black Swift,Cypseloides niger,1,United States,US,Washington,US-WA,King,US-WA-033,5,L351484,H,47.662576,-122.12052,5/25/16,7:55:00,obsr124466,S29901963,91,1.609,,1,1
Black Swift,Cypseloides niger,7,United States,US,Washington,US-WA,King,US-WA-033,5,L352323,H,47.599951,-122.134904,5/28/16,,obsr13850,S30016667,,,,1,1
Black Swift,Cypseloides niger,6,United States,US,Washington,US-WA,King,US-WA-033,5,L257959,H,47.4066334,-122.2595633,5/21/16,14:30:00,obsr169860,S29827768,105,2.414,,2,1
Black Swift,Cypseloides niger,7,United States,US,Washington,US-WA,King,US-WA-033,5,L351484,H,47.662576,-122.12052,5/28/16,8:39:00,obsr97255,S29953523,141,2.575,,2,1
Black Swift,Cypseloides niger,75,United States,US,Washington,US-WA,King,US-WA-033,5,L351484,H,47.662576,-122.12052,5/19/16,4:00:00,obsr50136,S29799338,450,,161.8743,12,1
Black Swift,Cypseloides niger,75,United States,US,Washington,US-WA,King,US-WA-033,5,L351484,H,47.662576,-122.12052,5/19/16,4:00:00,obsr146271,S29802748,450,,161.8743,12,1
Black Swift,Cypseloides niger,75,United States,US,Washington,US-WA,King,US-WA-033,5,L351484,H,47.662576,-122.12052,5/19/16,4:00:00,obsr22459,S29799205,450,,161.8743,12,1
Black Swift,Cypseloides niger,75,United States,US,Washington,US-WA,King,US-WA-033,5,L351484,H,47.662576,-122.12052,5/19/16,4:00:00,obsr554038,S29805038,450,,161.8743,12,1
Black Swift,Cypseloides niger,1,United States,US,Washington,US-WA,King,US-WA-033,5,L4583557,P,47.7292207,-122.1133565,5/10/16,8:22:00,obsr195629,S29548355,40,0.612,,2,1
Black Swift,Cypseloides niger,1,United States,US,Washington,US-WA,King,US-WA-033,5,L4583557,P,47.7292207,-122.1133565,5/10/16,8:22:00,obsr174696,S29559874,40,0.612,,2,1
Black Swift,Cypseloides niger,2,United States,US,Washington,US-WA,King,US-WA-033,5,L735303,H,47.523852,-121.7963326,6/13/16,8:05:00,obsr97255,S30212529,159,4.023,,2,1
Black Swift,Cypseloides niger,4,United States,US,Washington,US-WA,King,US-WA-033,5,L1049769,H,47.5416862,-121.8378156,6/22/16,19:30:00,obsr424048,S30352227,80,1.931,,1,1
Black Swift,Cypseloides niger,35,United States,US,Washington,US-WA,King,US-WA-033,5,L321969,H,47.5597558,-122.0549817,6/24/16,6:30:00,obsr423997,S30486202,300,2.414,,11,1
Black Swift,Cypseloides niger,8,United States,US,Washington,US-WA,King,US-WA-033,5,L351484,H,47.662576,-122.12052,6/9/16,5:30:00,obsr50136,S30221056,345,,161.8743,10,1
Black Swift,Cypseloides niger,8,United States,US,Washington,US-WA,King,US-WA-033,5,L351484,H,47.662576,-122.12052,6/9/16,5:30:00,obsr425319,S30226461,345,,161.8743,10,1
Black Swift,Cypseloides niger,8,United States,US,Washington,US-WA,King,US-WA-033,5,L351484,H,47.662576,-122.12052,6/9/16,5:30:00,obsr195629,S30221753,345,,161.8743,10,1
Black Swift,Cypseloides niger,8,United States,US,Washington,US-WA,King,US-WA-033,5,L351484,H,47.662576,-122.12052,6/9/16,5:30:00,obsr22459,S30221048,345,,161.8743,10,1
Black Swift,Cypseloides niger,2,United States,US,Washington,US-WA,King,US-WA-033,5,L1069591,H,47.2837998,-122.1314049,6/22/16,6:33:00,obsr291283,S30348698,62,0.805,,1,1
Black Swift,Cypseloides niger,1,United States,US,Washington,US-WA,King,US-WA-033,9,L953225,P,47.4253436,-121.4216495,6/22/16,9:46:00,obsr97255,S30347462,189,2.414,,2,1
Black Swift,Cypseloides niger,40,United States,US,Washington,US-WA,King,US-WA-033,5,L4243453,P,47.7617001,-122.2682297,6/15/16,10:00:00,obsr703292,S30241359,,,,3,0
Black Swift,Cypseloides niger,3,United States,US,Washington,US-WA,King,US-WA-033,5,L269461,H,47.6815336,-122.2505453,6/14/16,5:40:00,obsr187607,S30232786,350,11.265,,1,1
Black Swift,Cypseloides niger,5,United States,US,Washington,US-WA,King,US-WA-033,5,L269461,H,47.6815336,-122.2505453,6/14/16,7:45:00,obsr202750,S30228502,150,4.023,,2,1
Black Swift,Cypseloides niger,35,United States,US,Washington,US-WA,King,US-WA-033,5,L321969,H,47.5597558,-122.0549817,6/24/16,6:30:00,obsr195629,S30375960,300,2.414,,11,1
Black Swift,Cypseloides niger,12,United States,US,Washington,US-WA,King,US-WA-033,5,L2738657,P,47.6061503,-122.1948836,6/15/16,7:59:00,obsr285000,S30242038,1,,,1,1
Black Swift,Cypseloides niger,35,United States,US,Washington,US-WA,King,US-WA-033,5,L321969,H,47.5597558,-122.0549817,6/24/16,6:30:00,obsr769561,S30384806,300,2.414,,11,1
Black Swift,Cypseloides niger,4,United States,US,Washington,US-WA,King,US-WA-033,5,L1049769,H,47.5416862,-121.8378156,6/22/16,19:30:00,obsr527242,S30376580,80,1.931,,1,1
Black Swift,Cypseloides niger,35,United States,US,Washington,US-WA,King,US-WA-033,5,L321969,H,47.5597558,-122.0549817,6/24/16,6:30:00,obsr117486,S30376584,300,2.414,,11,1
Black Swift,Cypseloides niger,35,United States,US,Washington,US-WA,King,US-WA-033,5,L321969,H,47.5597558,-122.0549817,6/24/16,6:30:00,obsr231129,S30385540,300,2.414,,11,1
Black Swift,Cypseloides niger,35,United States,US,Washington,US-WA,King,US-WA-033,5,L321969,H,47.5597558,-122.0549817,6/24/16,6:30:00,obsr670905,S30376963,300,2.414,,11,1
Black Swift,Cypseloides niger,35,United States,US,Washington,US-WA,King,US-WA-033,5,L321969,H,47.5597558,-122.0549817,6/24/16,6:30:00,obsr373129,S30383834,300,2.414,,11,1
Black Swift,Cypseloides niger,35,United States,US,Washington,US-WA,King,US-WA-033,5,L321969,H,47.5597558,-122.0549817,6/24/16,6:30:00,obsr195673,S30376483,300,2.414,,11,1
Black Swift,Cypseloides niger,7,United States,US,Washington,US-WA,King,US-WA-033,5,L467222,H,47.7635752,-122.3851633,6/15/16,6:45:00,obsr202750,S30246431,225,1.609,,1,1
Black Swift,Cypseloides niger,2,United States,US,Washington,US-WA,King,US-WA-033,5,L4344526,P,47.737632,-121.958463,6/16/16,15:21:00,obsr726702,S30260467,81,,,1,1
Black Swift,Cypseloides niger,35,United States,US,Washington,US-WA,King,US-WA-033,5,L321969,H,47.5597558,-122.0549817,6/24/16,6:30:00,obsr425319,S30397144,300,2.414,,11,1
Black Swift,Cypseloides niger,8,United States,US,Washington,US-WA,King,US-WA-033,5,L269461,H,47.6815336,-122.2505453,6/25/16,8:14:00,obsr314455,S30384706,62,2.092,,1,1
Black Swift,Cypseloides niger,35,United States,US,Washington,US-WA,King,US-WA-033,5,L321969,H,47.5597558,-122.0549817,6/24/16,6:30:00,obsr196219,S30544771,300,2.414,,11,1
Black Swift,Cypseloides niger,1,United States,US,Washington,US-WA,King,US-WA-033,5,L735303,H,47.523852,-121.7963326,6/8/16,15:48:00,obsr348573,S30143546,75,1.448,,1,1
Black Swift,Cypseloides niger,8,United States,US,Washington,US-WA,King,US-WA-033,5,L2888136,P,47.47029,-121.74207,6/17/16,20:05:00,obsr203715,S30275459,25,,,4,1
Black Swift,Cypseloides niger,5,United States,US,Washington,US-WA,King,US-WA-033,5,L351484,H,47.662576,-122.12052,6/16/16,5:38:00,obsr97255,S30255085,284,7.242,,7,1
Black Swift,Cypseloides niger,6,United States,US,Washington,US-WA,King,US-WA-033,5,L351484,H,47.662576,-122.12052,6/9/16,5:24:00,obsr97255,S30149611,288,7.242,,10,1
Black Swift,Cypseloides niger,3,United States,US,Washington,US-WA,King,US-WA-033,5,L351484,H,47.662576,-122.12052,6/18/16,11:25:00,obsr642323,S30284596,75,1.609,,2,1
Black Swift,Cypseloides niger,3,United States,US,Washington,US-WA,King,US-WA-033,5,L283821,H,47.5007162,-122.2146012,6/15/16,12:10:00,obsr287392,S30275675,45,1.609,,1,1
Black Swift,Cypseloides niger,4,United States,US,Washington,US-WA,King,US-WA-033,5,L351484,H,47.662576,-122.12052,6/26/16,16:59:00,obsr726702,S30408273,79,4.023,,2,1
Black Swift,Cypseloides niger,4,United States,US,Washington,US-WA,King,US-WA-033,5,L351484,H,47.662576,-122.12052,6/9/16,6:10:00,obsr294648,S30154497,252,4.828,,12,1
Black Swift,Cypseloides niger,1,United States,US,Washington,US-WA,King,US-WA-033,5,L269461,H,47.6815336,-122.2505453,6/18/16,10:00:00,obsr311304,S30290568,120,3.219,,2,1
Black Swift,Cypseloides niger,3,United States,US,Washington,US-WA,King,US-WA-033,5,L351484,H,47.662576,-122.12052,6/19/16,8:03:00,obsr97255,S30302809,174,2.414,,2,1
Black Swift,Cypseloides niger,10,United States,US,Washington,US-WA,King,US-WA-033,5,L4474347,P,47.1601251,-121.905992,6/18/16,10:55:00,obsr527242,S30290694,30,1.609,,2,1
Black Swift,Cypseloides niger,3,United States,US,Washington,US-WA,King,US-WA-033,5,L1484444,H,47.7565344,-122.2212031,6/18/16,16:00:00,obsr308207,S30291232,,,,,0
Black Swift,Cypseloides niger,6,United States,US,Washington,US-WA,King,US-WA-033,5,L1049769,H,47.5416862,-121.8378156,6/28/16,20:24:00,obsr425179,S30438069,44,,,4,1
Black Swift,Cypseloides niger,6,United States,US,Washington,US-WA,King,US-WA-033,5,L1049769,H,47.5416862,-121.8378156,6/28/16,20:24:00,obsr268932,S30438081,44,,,4,1
Black Swift,Cypseloides niger,12,United States,US,Washington,US-WA,King,US-WA-033,5,L351484,H,47.662576,-122.12052,6/16/16,4:00:00,obsr22459,S30606868,420,,161.8743,5,1
Black Swift,Cypseloides niger,2,United States,US,Washington,US-WA,King,US-WA-033,5,L3070824,P,47.6262653,-121.9228685,6/29/16,16:55:00,obsr195629,S30469806,55,,,1,1
Black Swift,Cypseloides niger,2,United States,US,Washington,US-WA,King,US-WA-033,5,L351484,H,47.662576,-122.12052,6/30/16,4:00:00,obsr22459,S30606865,405,,161.8743,11,1
Black Swift,Cypseloides niger,12,United States,US,Washington,US-WA,King,US-WA-033,5,L351484,H,47.662576,-122.12052,6/16/16,4:00:00,obsr50136,S30606969,420,,161.8743,5,1
Black Swift,Cypseloides niger,2,United States,US,Washington,US-WA,King,US-WA-033,5,L4344526,P,47.737632,-121.958463,6/20/16,20:54:00,obsr726702,S30325876,12,,,1,1
Black Swift,Cypseloides niger,2,United States,US,Washington,US-WA,King,US-WA-033,5,L1049769,H,47.5416862,-121.8378156,6/20/16,20:05:00,obsr292096,S30325932,60,0.322,,1,1
Black Swift,Cypseloides niger,1,United States,US,Washington,US-WA,King,US-WA-033,5,L351484,H,47.662576,-122.12052,6/30/16,5:30:00,obsr97255,S30468851,295,6.035,,11,1
Black Swift,Cypseloides niger,1,United States,US,Washington,US-WA,King,US-WA-033,,L128530,H,47.663868,-122.4215317,6/12/16,5:55:00,obsr107483,S30195915,305,11.265,,1,1
Black Swift,Cypseloides niger,4,United States,US,Washington,US-WA,King,US-WA-033,5,L799190,P,47.6701559,-122.1102905,7/30/16,8:28:00,obsr195629,S30935089,122,1.207,,1,1
Black Swift,Cypseloides niger,2,United States,US,Washington,US-WA,King,US-WA-033,5,L3184596,H,47.5645542,-122.0550401,7/2/16,11:45:00,obsr313606,S30502767,35,0.322,,1,1
Black Swift,Cypseloides niger,1,United States,US,Washington,US-WA,King,US-WA-033,5,L4779039,P,47.6881,-122.256142,7/11/16,12:04:00,obsr726702,S30646541,25,,,1,1
Black Swift,Cypseloides niger,4,United States,US,Washington,US-WA,King,US-WA-033,5,L799190,P,47.6701559,-122.1102905,7/30/16,8:28:00,obsr196219,S30935429,122,1.207,,1,1
Black Swift,Cypseloides niger,5,United States,US,Washington,US-WA,King,US-WA-033,,L128530,H,47.663868,-122.4215317,7/3/16,5:45:00,obsr107483,S30513605,322,12.07,,1,1
Black Swift,Cypseloides niger,2,United States,US,Washington,US-WA,King,US-WA-033,9,L1247628,H,47.4548197,-121.4393306,7/23/16,9:45:00,obsr218595,S30824298,270,5.633,,1,1
Black Swift,Cypseloides niger,1,United States,US,Washington,US-WA,King,US-WA-033,5,L2888853,P,47.6804719,-122.250967,7/5/16,6:30:00,obsr475728,S30543188,90,3.219,,1,1
Black Swift,Cypseloides niger,3,United States,US,Washington,US-WA,King,US-WA-033,5,L321969,H,47.5597558,-122.0549817,7/5/16,11:22:00,obsr322387,S30546611,90,3.219,,1,1
Black Swift,Cypseloides niger,2,United States,US,Washington,US-WA,King,US-WA-033,5,L1666942,P,47.5429207,-121.8375518,7/3/16,19:16:00,obsr162162,S30532721,69,0.161,,2,1
Black Swift,Cypseloides niger,2,United States,US,Washington,US-WA,King,US-WA-033,5,L1666942,P,47.5429207,-121.8375518,7/3/16,19:16:00,obsr115374,S30532192,69,0.161,,2,1
Black Swift,Cypseloides niger,1,United States,US,Washington,US-WA,King,US-WA-033,5,L4344526,P,47.737632,-121.958463,7/15/16,14:15:00,obsr726702,S30698284,34,,,1,1
Black Swift,Cypseloides niger,1,United States,US,Washington,US-WA,King,US-WA-033,5,L4790023,P,47.654164,-122.054583,7/16/16,6:46:00,obsr314455,S30704332,,,,1,0
Black Swift,Cypseloides niger,1,United States,US,Washington,US-WA,King,US-WA-033,5,L269461,H,47.6815336,-122.2505453,7/13/16,,obsr60214,S30701278,,,,1,0
Black Swift,Cypseloides niger,4,United States,US,Washington,US-WA,King,US-WA-033,5,L2626921,P,47.5063597,-121.7896271,7/18/16,19:00:00,obsr477191,S30845723,60,0.805,,2,1
Black Swift,Cypseloides niger,2,United States,US,Washington,US-WA,King,US-WA-033,5,L4815821,P,47.159631,-121.908856,7/22/16,15:00:00,obsr107483,S30848945,15,0.322,,1,1
Black Swift,Cypseloides niger,1,United States,US,Washington,US-WA,King,US-WA-033,5,L321969,H,47.5597558,-122.0549817,7/6/16,12:15:00,obsr229323,S30818822,100,4.023,,2,1
Black Swift,Cypseloides niger,1,United States,US,Washington,US-WA,King,US-WA-033,5,L321969,H,47.5597558,-122.0549817,7/5/16,10:13:00,obsr465142,S30546243,104,3.058,,2,1
Black Swift,Cypseloides niger,2,United States,US,Washington,US-WA,King,US-WA-033,5,L4779039,P,47.6881,-122.256142,7/25/16,12:05:00,obsr726702,S30849000,22,,,1,1
Black Swift,Cypseloides niger,1,United States,US,Washington,US-WA,King,US-WA-033,5,L2138948,P,47.6837656,-121.954937,7/7/16,13:00:00,obsr287392,S30589667,150,6.437,,1,1
Black Swift,Cypseloides niger,3,United States,US,Washington,US-WA,King,US-WA-033,5,L351484,H,47.662576,-122.12052,7/7/16,5:40:00,obsr97255,S30585092,277,8.047,,10,1
Black Swift,Cypseloides niger,1,United States,US,Washington,US-WA,King,US-WA-033,5,L4231077,P,47.5617243,-122.1090177,7/27/16,18:31:00,obsr670905,S30875946,40,,,1,1
Black Swift,Cypseloides niger,1,United States,US,Washington,US-WA,King,US-WA-033,5,L269461,H,47.6815336,-122.2505453,7/8/16,7:06:00,obsr124466,S30602943,188,4.989,,1,1
Black Swift,Cypseloides niger,3,United States,US,Washington,US-WA,King,US-WA-033,5,L351484,H,47.662576,-122.12052,7/7/16,4:00:00,obsr50136,S30606919,405,,161.8743,10,1
Black Swift,Cypseloides niger,3,United States,US,Washington,US-WA,King,US-WA-033,5,L351484,H,47.662576,-122.12052,7/7/16,4:00:00,obsr22459,S30606870,405,,161.8743,10,1
Black Swift,Cypseloides niger,1,United States,US,Washington,US-WA,King,US-WA-033,5,L321969,H,47.5597558,-122.0549817,7/8/16,8:50:00,obsr223235,S30598170,165,4.667,,1,1
Black Swift,Cypseloides niger,2,United States,US,Washington,US-WA,King,US-WA-033,5,L232479,H,47.6981686,-122.2101878,7/8/16,8:00:00,obsr311304,S30598344,90,4.828,,2,1
Black Swift,Cypseloides niger,2,United States,US,Washington,US-WA,King,US-WA-033,5,L304860,H,47.6404972,-121.9264226,7/31/16,13:57:00,obsr314455,S30923988,58,2.575,,1,1
Black Swift,Cypseloides niger,1,United States,US,Washington,US-WA,King,US-WA-033,5,L950755,H,47.6941367,-122.0490503,7/21/16,19:50:00,obsr726702,S30798241,8,,,2,1
Black Swift,Cypseloides niger,2,United States,US,Washington,US-WA,King,US-WA-033,5,L304860,H,47.6404972,-121.9264226,7/31/16,13:57:00,obsr662427,S30924098,58,2.575,,1,1
Black Swift,Cypseloides niger,2,United States,US,Washington,US-WA,King,US-WA-033,9,L1125152,H,47.4154564,-121.4395666,8/17/16,13:00:00,obsr333448,S31394237,240,3.219,,1,0
Black Swift,Cypseloides niger,1,United States,US,Washington,US-WA,King,US-WA-033,,L128530,H,47.663868,-122.4215317,8/24/16,14:39:00,obsr726702,S31233262,59,1.609,,2,1
Black Swift,Cypseloides niger,2,United States,US,Washington,US-WA,King,US-WA-033,5,L4779039,P,47.6881,-122.256142,8/15/16,12:04:00,obsr726702,S31108068,24,,,1,1
Black Swift,Cypseloides niger,1,United States,US,Washington,US-WA,King,US-WA-033,9,L4861499,P,47.4108255,-121.4284945,8/16/16,8:30:00,obsr527242,S31123483,210,7.242,,3,1
Black Swift,Cypseloides niger,1,United States,US,Washington,US-WA,King,US-WA-033,9,L4861499,P,47.4108255,-121.4284945,8/16/16,8:30:00,obsr424048,S31123790,210,7.242,,3,1
Black Swift,Cypseloides niger,2,United States,US,Washington,US-WA,King,US-WA-033,5,L232479,H,47.6981686,-122.2101878,8/6/16,9:05:00,obsr527242,S30993832,105,3.219,,2,1
Black Swift,Cypseloides niger,5,United States,US,Washington,US-WA,King,US-WA-033,,L128530,H,47.663868,-122.4215317,8/6/16,7:30:00,obsr522487,S30998748,180,1.609,,1,1
Black Swift,Cypseloides niger,5,United States,US,Washington,US-WA,King,US-WA-033,,L128530,H,47.663868,-122.4215317,8/6/16,6:45:00,obsr355769,S31042672,120,4.828,,6,1
Black Swift,Cypseloides niger,1,United States,US,Washington,US-WA,King,US-WA-033,9,L4871012,P,47.421899,-121.4492655,8/21/16,7:52:00,obsr162162,S31192403,157,3.219,,2,1
Black Swift,Cypseloides niger,1,United States,US,Washington,US-WA,King,US-WA-033,9,L4871012,P,47.421899,-121.4492655,8/21/16,7:52:00,obsr115374,S31188175,157,3.219,,2,1
Black Swift,Cypseloides niger,3,United States,US,Washington,US-WA,King,US-WA-033,5,L2842697,H,47.6873348,-122.0818377,8/21/16,17:00:00,obsr726702,S31191160,44,0.322,,1,1